age,income,credit_score,account_balance,transaction_amount,region,customer_segment,product_type,device,churn
36,49333,674,373.51499308437246,51.565432982271474,North,Standard,Type_A,Mobile,1
19,50360,630,16065.775405372025,22.823296697275826,West,Premium,Type_A,Mobile,0
43,25301,665,2705.718759176243,130.28877099056083,East,Standard,Type_D,Desktop,1
47,43345,696,1882.2074332985214,124.31623312514726,West,Basic,Type_B,Mobile,0
32,23004,734,18261.410201652987,66.25889565278456,South,Standard,Type_B,Desktop,0
26,48343,700,13734.906114070138,40.536698128511794,West,Basic,Type_B,Desktop,0
24,48977,710,5135.191711832287,83.58935276215495,South,Standard,Type_A,Desktop,0
34,48818,786,93.40389575300841,120.70976425785243,East,Basic,Type_D,Mobile,0
47,42948,698,6902.256847586963,43.24839129542869,South,Standard,Type_A,Desktop,0
30,31349,673,2044.0339268023858,75.89063111981876,South,Basic,Type_A,Mobile,0
46,32668,722,2457.4049744389536,23.90625624812894,South,Standard,Type_A,Mobile,0
23,64831,614,864.2852086254201,142.87950062520054,South,Basic,Type_A,Mobile,0
31,44687,614,3705.9979652568554,230.2832296696737,East,Standard,Type_A,Tablet,0
34,46353,693,6823.693732565293,57.71725202578969,East,Standard,Type_B,Mobile,0
37,37920,653,1594.220473392225,47.50084680733943,East,Premium,Type_A,Tablet,0
31,50298,669,13962.56208066054,162.96248822943724,North,Standard,Type_B,Mobile,0
47,58657,746,1082.9308401331077,161.03425396072788,West,Basic,Type_A,Mobile,0
47,26529,726,342.7987939391738,132.76003315647839,East,Premium,Type_D,Desktop,0
33,48843,696,5169.2359349922135,30.131402721857945,North,Basic,Type_A,Mobile,0
29,32433,704,9462.942401065675,4.3162247602142525,East,Premium,Type_B,Mobile,0
28,42485,678,15302.192369879378,73.42009326709174,North,Basic,Type_C,Mobile,0
45,55139,742,7287.255228023984,110.2582113984896,North,Basic,Type_A,Mobile,1
28,17573,739,1113.5308068286568,57.96906177510246,South,Standard,Type_A,Mobile,0
20,21122,749,19007.147609147112,158.88166690658733,East,Premium,Type_A,Desktop,0
21,26116,747,12593.50920290848,49.18991920835607,North,Standard,Type_A,Desktop,0
41,25205,702,890.6562784802351,17.65053449513735,South,Premium,Type_A,Tablet,1
21,33484,665,4091.1243408671585,57.79791740772324,West,Standard,Type_B,Desktop,0
31,84642,691,4054.222141204624,103.61826665045785,North,Standard,Type_B,Desktop,0
36,65461,705,2921.775799443672,34.845697948024245,North,Standard,Type_B,Desktop,0
18,27165,666,20764.530588396687,96.41473397755156,West,Premium,Type_A,Tablet,1
36,56074,781,307.36804554081755,73.12081685549421,South,Premium,Type_C,Mobile,0
31,35539,781,4933.685462479371,227.04152293957694,East,Premium,Type_A,Mobile,0
18,43125,693,1148.975762976463,146.1466437785499,North,Standard,Type_A,Desktop,0
36,22238,751,3746.8017858912144,337.4222039166188,East,Standard,Type_A,Mobile,0
38,18763,728,7564.750581177457,28.43186952622479,South,Standard,Type_A,Tablet,0
36,52374,675,1416.636528925807,180.7610437276571,West,Standard,Type_B,Desktop,0
40,36916,720,2499.0949850081283,11.894403264521928,South,Basic,Type_B,Mobile,1
37,47159,661,15056.064845932384,154.40773286334667,East,Standard,Type_B,Desktop,0
42,80569,655,7166.5260381978405,16.726865775426592,West,Basic,Type_B,Mobile,1
25,32228,723,4251.615979821716,128.98968717131592,West,Standard,Type_D,Tablet,0
21,32376,724,1255.1269861723395,97.28435299662114,North,Premium,Type_B,Tablet,1
23,87933,834,2769.582874661732,105.00194361177154,West,Standard,Type_B,Desktop,1
26,36625,692,7437.458198772022,10.00367797764624,South,Standard,Type_A,Mobile,0
55,24302,673,8589.100446632521,122.86762597581516,East,Basic,Type_A,Mobile,0
26,52461,746,1402.5803692524696,17.53456976530523,South,Standard,Type_B,Desktop,0
29,32246,698,5424.437683479579,227.50831723765975,South,Basic,Type_A,Tablet,0
32,24069,667,499.11820750689014,46.85767729081988,North,Standard,Type_B,Mobile,0
31,37981,670,117.42978015016281,61.413076004133636,East,Standard,Type_A,Mobile,1
53,54904,691,3977.825964073598,179.06709416750763,South,Premium,Type_C,Mobile,0
18,20341,752,1270.4619079164504,85.61689116372261,North,Premium,Type_D,Desktop,0
56,20106,721,410.9986644648064,86.66677041348427,South,Standard,Type_A,Tablet,0
36,34890,658,6543.488219514026,113.96566742831217,West,Standard,Type_C,Mobile,0
44,20951,791,3445.5226989201847,36.9151045063675,East,Basic,Type_C,Mobile,0
35,19186,654,7954.970523852285,46.33508716224313,South,Basic,Type_D,Desktop,1
43,36426,663,5452.39089727994,88.64478381617022,West,Standard,Type_A,Desktop,0
25,63135,758,6543.05568031956,238.11606116322665,East,Standard,Type_C,Desktop,1
21,53852,774,1836.2286726780671,136.83726144042006,North,Premium,Type_A,Desktop,0
60,34424,717,1527.7085575097376,142.9721701679209,South,Standard,Type_B,Mobile,0
54,68960,635,4592.401787969914,190.02323055723912,North,Basic,Type_C,Mobile,0
24,86463,704,1116.2311604165247,159.2966489864299,East,Standard,Type_C,Tablet,0
42,46425,631,8448.147954383392,132.41819085654046,West,Basic,Type_A,Tablet,0
46,30239,824,3700.357207280081,72.5087897964487,South,Basic,Type_C,Desktop,0
41,79324,714,1287.3160317492652,34.335899465799514,South,Standard,Type_B,Desktop,1
32,77596,740,4906.38986609002,38.679366761420006,South,Premium,Type_A,Tablet,0
55,41220,681,14505.360168539695,169.86434504702598,North,Standard,Type_B,Mobile,0
41,66931,790,428.30540846637246,120.67489790244521,East,Premium,Type_C,Mobile,0
25,24571,674,578.991823235691,3.738370708160014,East,Standard,Type_D,Desktop,0
31,12918,657,9284.34346555419,83.99332560956316,North,Basic,Type_C,Tablet,0
24,22346,715,580.3874365945577,8.088174641275389,West,Standard,Type_A,Desktop,0
33,40266,744,200.85774590862863,72.22028343991187,North,Basic,Type_A,Desktop,1
33,34993,806,2138.0212596773895,162.10270820150723,West,Basic,Type_A,Mobile,0
42,58743,780,3143.410981770717,120.49994471405965,South,Basic,Type_A,Mobile,0
42,17277,759,4213.394482610944,62.23099906222994,East,Standard,Type_A,Mobile,0
38,17447,665,3539.276407261613,93.52933891708115,North,Basic,Type_A,Tablet,0
38,53164,664,12219.854117841429,47.04564858583444,South,Standard,Type_A,Mobile,0
45,17712,656,7319.509024105113,26.10794135907658,West,Standard,Type_C,Mobile,1
32,31717,692,20616.886575528,44.25016232708766,South,Basic,Type_B,Tablet,0
18,36764,604,3235.665504323369,151.3204212550233,West,Basic,Type_C,Mobile,0
56,26232,768,440.49407566756315,183.56863034913007,East,Standard,Type_A,Desktop,1
25,48481,648,15564.774662327167,156.8705018019531,West,Basic,Type_B,Desktop,0
41,12952,642,20.608219528210604,144.90271618201265,West,Standard,Type_A,Mobile,0
31,90759,679,7482.689761133039,31.82781529725998,South,Standard,Type_B,Desktop,0
48,30789,632,158.90881441792965,66.76406955916552,East,Premium,Type_B,Tablet,1
25,33351,732,7160.941620343863,72.14301959416375,West,Standard,Type_B,Mobile,0
27,139635,651,13898.182687072584,55.37077850887003,North,Standard,Type_C,Desktop,0
30,18398,725,2465.422145636541,34.64504609805955,West,Standard,Type_D,Mobile,0
40,21535,746,1378.5359666515787,97.02400891485028,East,Standard,Type_B,Mobile,0
37,73295,672,1282.7206630331855,94.35843407269137,East,Premium,Type_A,Mobile,0
40,16676,664,3383.5908360581957,65.1325318300989,North,Premium,Type_D,Tablet,0
36,46517,659,936.9943372840702,212.5146003480303,East,Standard,Type_C,Desktop,0
44,26818,645,5587.807949846088,57.67889159702172,South,Standard,Type_B,Mobile,1
44,16186,678,2297.1178399155106,75.89638110462133,West,Standard,Type_C,Desktop,0
50,47260,703,1951.2287545621132,22.411371449077265,South,Standard,Type_A,Mobile,0
38,47960,630,3092.8483727967164,133.58862960060338,North,Standard,Type_A,Mobile,0
38,36340,667,3910.848373614466,179.27326278246179,West,Premium,Type_A,Mobile,0
52,102185,707,765.349516892574,19.49116562775883,East,Standard,Type_A,Desktop,0
46,24692,701,6150.957034764812,114.32763251632177,West,Basic,Type_B,Desktop,0
40,56010,566,10725.646544032268,62.27612696897501,South,Standard,Type_A,Tablet,0
21,42773,731,1628.5600932424684,138.99937175190195,East,Standard,Type_C,Mobile,0
18,59027,761,994.6388096705555,99.00884924560064,East,Premium,Type_B,Mobile,1
38,33038,708,11849.554899775003,102.44759946716972,East,Standard,Type_B,Mobile,0
46,63637,787,9964.358619373856,61.32515211260867,North,Basic,Type_A,Tablet,0
26,53170,648,2751.0511166579618,82.55949814199028,North,Basic,Type_A,Desktop,0
30,38703,665,165.82215868748506,198.22226855240143,North,Basic,Type_A,Desktop,0
41,41973,709,3156.0914743940107,71.73153395354755,North,Basic,Type_B,Desktop,0
18,38636,681,1063.988523868765,54.57124897308015,North,Basic,Type_D,Mobile,0
51,30650,689,821.3712283107602,125.33002403783331,East,Standard,Type_D,Tablet,0
39,38339,750,2663.363842140786,87.61165495603709,East,Premium,Type_A,Tablet,1
37,49606,547,556.4555524231619,55.66832306596203,East,Basic,Type_A,Desktop,0
18,35942,663,16839.55424298665,173.56291900043135,South,Basic,Type_A,Mobile,0
22,47799,603,259.7669789640434,39.07322499383145,North,Standard,Type_B,Mobile,0
31,24800,631,2736.591709102385,73.38823225298476,West,Standard,Type_C,Mobile,0
44,28006,820,947.0724098885577,44.668025587153714,North,Standard,Type_D,Mobile,0
18,26162,725,6225.897960391837,272.4022664338347,East,Standard,Type_A,Mobile,0
44,28579,744,437.8162117337513,133.39294066136856,West,Premium,Type_A,Desktop,0
32,75188,690,4220.981597706315,112.46342231319841,East,Premium,Type_A,Desktop,0
33,56089,734,7910.679876872957,46.42435556048813,North,Basic,Type_A,Mobile,0
38,21876,602,15983.625019476258,272.38499045732027,North,Standard,Type_C,Desktop,0
38,48244,748,6395.075661126843,25.344437788328182,North,Standard,Type_B,Mobile,0
28,31306,651,558.9117936494633,72.54639605913694,East,Basic,Type_C,Desktop,0
42,26881,666,494.32656031477654,80.75573488462656,East,Basic,Type_B,Mobile,0
18,17670,720,7014.771217005256,25.881283617708235,East,Premium,Type_A,Mobile,0
31,63774,710,1293.2867918658374,94.92090803262336,North,Premium,Type_A,Mobile,0
37,18832,698,3161.7606255663427,52.58101566342476,West,Standard,Type_A,Tablet,1
32,37362,623,20031.58096323824,218.9449639546137,East,Basic,Type_C,Desktop,0
18,23420,699,9142.830802410883,31.16876680420827,North,Premium,Type_C,Mobile,0
44,57567,744,9998.20313524676,142.58655841307942,South,Standard,Type_C,Mobile,0
22,32239,666,10515.345881514286,96.23366890103748,East,Basic,Type_A,Desktop,0
35,35786,763,5154.070763206481,167.0362054825959,South,Basic,Type_C,Mobile,0
37,36422,648,7265.70537544007,78.4833307833414,North,Standard,Type_A,Tablet,0
36,44961,694,2371.545857657961,42.9720311429419,North,Premium,Type_A,Tablet,0
48,38651,774,34491.03379968941,241.25270077849618,East,Standard,Type_B,Desktop,0
35,37532,658,1749.2236813021773,238.78746686768895,North,Standard,Type_B,Tablet,0
40,29285,749,4755.286273518201,144.9827562215964,North,Standard,Type_C,Mobile,0
35,16868,797,1767.3152884164865,127.55963042092195,West,Standard,Type_B,Mobile,0
42,21405,703,633.9389391096717,110.00008683311091,East,Standard,Type_A,Mobile,1
50,55868,666,4471.3140699773685,132.68978653393924,East,Premium,Type_A,Mobile,0
37,32723,654,2325.056179778037,345.0495049025019,South,Basic,Type_A,Tablet,0
44,27140,762,4667.706756666128,30.60172221472257,East,Standard,Type_A,Mobile,0
51,18424,761,4362.568487073503,89.27259163152267,East,Standard,Type_A,Tablet,0
50,15638,770,4167.716245402877,59.896204228970646,West,Basic,Type_C,Desktop,0
32,26590,692,701.8224012839291,94.94702448632208,North,Standard,Type_A,Mobile,0
47,61041,748,3094.0872464408635,28.665641650834225,North,Basic,Type_C,Mobile,0
38,28699,691,8913.782776643326,40.388651705388945,North,Standard,Type_B,Mobile,1
47,47320,648,2018.9117077939136,37.445682234370295,East,Standard,Type_A,Mobile,0
42,28018,753,3128.981240562569,131.29423706853336,South,Standard,Type_B,Mobile,0
39,53593,779,3631.391144612058,87.22941838508062,North,Standard,Type_C,Mobile,1
40,31947,641,10591.013610031356,20.87778468956455,South,Standard,Type_B,Desktop,0
38,20175,640,5685.071127217851,20.34892768685273,North,Standard,Type_A,Desktop,0
39,33359,696,563.1230916851334,14.03968491975613,South,Premium,Type_D,Mobile,1
34,100038,744,10686.655279089768,75.55599798588564,West,Standard,Type_A,Mobile,0
33,97760,635,9515.648468869509,80.32908396001113,East,Standard,Type_D,Desktop,0
54,49495,706,7471.923596325764,84.03301538909554,North,Standard,Type_A,Mobile,0
41,35738,663,3346.496503796113,49.457197667878845,North,Standard,Type_C,Mobile,0
30,44992,731,7557.017250741999,67.32851219963118,North,Basic,Type_B,Desktop,0
33,45298,652,3474.7214850196942,77.13390519934082,East,Standard,Type_B,Tablet,0
47,37598,734,7115.577823507114,87.47936400540429,South,Basic,Type_A,Tablet,0
28,48330,686,11312.970662912106,109.85267736590315,West,Premium,Type_A,Mobile,1
20,42800,645,11798.456398611883,176.4314368816301,East,Standard,Type_C,Mobile,0
21,32550,697,3233.0481320398735,45.43822167985881,South,Standard,Type_D,Mobile,1
18,20565,593,10460.95304913457,147.88212406503663,East,Basic,Type_B,Tablet,1
22,30191,665,570.5660791216287,53.1506162239279,East,Basic,Type_A,Mobile,1
23,58283,712,572.7153961809721,130.52505400359308,North,Basic,Type_A,Mobile,0
50,37764,601,4238.207274836797,91.02052211978629,South,Premium,Type_B,Tablet,0
35,44908,560,5627.234134238178,342.76485902525815,South,Basic,Type_A,Tablet,0
32,33115,572,885.5852588987052,107.68691384402547,South,Premium,Type_A,Desktop,0
20,22075,763,3408.0002526841436,155.53822122923663,North,Premium,Type_B,Mobile,0
34,33892,690,528.620526300766,4.567262146141612,North,Premium,Type_B,Mobile,0
18,22507,666,4914.950766109959,164.25584842881815,North,Standard,Type_A,Desktop,0
32,21769,743,10302.241473480854,47.56637782426136,North,Basic,Type_A,Desktop,0
57,72053,673,7136.180104558057,81.875810435394,West,Premium,Type_C,Mobile,0
43,30827,708,2534.848159691243,65.81796895685363,East,Premium,Type_A,Mobile,0
33,26064,695,27105.098371948145,34.06393019874251,East,Standard,Type_C,Tablet,0
43,89365,669,5799.890235040953,250.64141866881513,East,Basic,Type_A,Desktop,0
30,58756,709,9006.630641415435,186.23520648917403,East,Standard,Type_A,Desktop,1
27,31620,734,5907.978861386155,40.43580829823979,West,Standard,Type_C,Mobile,1
54,47996,684,24258.343227256883,37.586419168095595,South,Standard,Type_B,Desktop,0
24,33942,670,9186.033964645305,127.7310200428782,East,Basic,Type_A,Tablet,0
32,26737,676,3908.0974243971286,161.81299186721662,South,Basic,Type_B,Mobile,1
39,49190,574,2437.8379245666047,87.97305402964143,West,Standard,Type_A,Desktop,0
26,32409,709,6113.018127383333,49.82725567303852,West,Standard,Type_B,Mobile,0
42,39933,631,4758.076068084138,76.34940943457484,West,Basic,Type_A,Mobile,0
32,65442,727,5293.32614640614,17.482001940674447,North,Basic,Type_C,Desktop,0
43,61784,689,2240.4755720831654,24.21245747785876,North,Premium,Type_B,Desktop,0
42,28804,699,2986.0829956306197,171.3139805981172,North,Standard,Type_B,Desktop,0
33,49482,731,4355.540885363804,57.30773289962792,South,Basic,Type_C,Mobile,0
54,21302,646,9749.934535789713,82.26142535160086,South,Standard,Type_B,Mobile,0
29,48570,713,7676.324791678544,107.7919687169515,North,Standard,Type_B,Tablet,0
50,41485,708,673.6379570451818,81.73374988159748,East,Standard,Type_B,Mobile,0
48,46791,684,1502.7834949696344,110.726390413562,North,Standard,Type_A,Desktop,0
54,32866,645,144.10392382652716,167.36033503737906,West,Standard,Type_C,Mobile,0
37,113994,725,42.626253080479344,47.874686883348296,North,Basic,Type_C,Tablet,0
27,23977,731,1355.1292163115177,173.5760641757318,South,Standard,Type_A,Tablet,0
58,63762,700,8565.591484599156,107.47595586752404,East,Basic,Type_C,Mobile,0
32,22399,638,12539.87028897006,132.20366468162524,East,Basic,Type_B,Desktop,0
27,49957,666,2651.730626287308,165.81679130895887,North,Standard,Type_B,Mobile,0
34,51857,691,4417.4754221856265,96.82914868679511,West,Basic,Type_A,Mobile,0
25,39508,730,6529.890377956318,396.76880489968613,East,Standard,Type_A,Mobile,0
41,29640,611,16300.062714641188,32.727029074987186,West,Standard,Type_B,Desktop,0
29,41326,665,13019.032436585216,168.56646417015395,West,Standard,Type_A,Mobile,0
53,48506,669,108.9925999428366,149.20135080885711,East,Standard,Type_A,Mobile,0
42,18032,728,15284.585694012882,111.60727405400281,North,Basic,Type_A,Mobile,0
44,38587,755,2053.238269193949,183.579175982334,West,Standard,Type_A,Mobile,0
42,71107,777,4555.561977895521,109.47594352712167,West,Basic,Type_C,Desktop,0
20,22068,730,2169.3571216305018,110.29211022908392,South,Standard,Type_C,Tablet,0
23,40950,826,1598.618381739444,50.38089078087323,East,Standard,Type_A,Desktop,0
31,14785,657,936.727396839208,75.07620026960775,West,Basic,Type_C,Desktop,0
44,19937,643,2188.4708814233436,93.81693572685056,South,Premium,Type_B,Mobile,0
21,62996,768,5415.070452387756,155.0072473740087,West,Premium,Type_D,Mobile,0
35,34293,695,20185.306322445394,66.44762756134737,East,Standard,Type_A,Mobile,0
35,109439,613,4627.704043375727,301.5115541503248,South,Standard,Type_C,Tablet,1
46,51356,671,4311.218306104375,107.66044738517927,East,Standard,Type_A,Mobile,0
44,54175,702,203.43204368865057,34.85045190239667,South,Premium,Type_B,Tablet,0
25,22584,653,10388.13618500855,86.28769991630185,North,Premium,Type_A,Mobile,0
53,32907,633,259.97449928736324,170.6566729457585,East,Standard,Type_C,Desktop,1
24,27234,677,13412.629149390074,87.91576769251095,South,Standard,Type_C,Tablet,0
49,22720,630,4383.990582441041,49.92869851929876,East,Standard,Type_B,Mobile,0
31,58253,723,1045.4083081194628,78.08590614272927,North,Standard,Type_C,Desktop,0
39,64977,583,3405.361677290661,65.50810194235825,South,Standard,Type_B,Mobile,0
39,50428,693,30006.237091287596,152.4149235119005,East,Standard,Type_C,Mobile,0
39,25855,717,2062.455028554449,63.84487297605454,West,Basic,Type_A,Mobile,1
44,48590,683,1779.1688608970542,20.2510735850643,West,Premium,Type_B,Desktop,0
41,14325,748,711.5628047429491,60.35846247990931,West,Premium,Type_A,Mobile,1
45,83401,614,5151.974679356459,207.5984713878693,North,Basic,Type_B,Mobile,0
42,20017,650,529.615667702508,147.48091671095824,West,Standard,Type_C,Tablet,1
23,22050,670,8230.655541209955,25.20923310214409,North,Standard,Type_C,Mobile,0
40,43212,727,14257.726456927248,196.04644175570752,North,Standard,Type_C,Mobile,0
30,45354,700,15222.672352465115,232.47489624797365,North,Standard,Type_A,Tablet,0
24,39007,805,647.1064954363118,158.56203435923868,West,Standard,Type_B,Mobile,0
34,22174,645,4629.891548996349,53.2618460378545,North,Basic,Type_B,Mobile,0
39,75218,612,578.8748678828075,209.41070898808672,North,Standard,Type_D,Desktop,0
39,16207,786,4809.128854539318,93.07903178713242,North,Standard,Type_A,Mobile,0
48,18097,610,9561.335582716665,64.2024127509544,South,Basic,Type_B,Mobile,0
51,38286,726,4373.172348910759,93.2694567107497,West,Standard,Type_C,Mobile,0
40,20390,635,11651.491846455909,139.26486590775423,South,Standard,Type_D,Desktop,1
42,78965,576,9167.787918546936,158.33570819157427,South,Standard,Type_B,Mobile,0
38,21367,668,1834.4221902227362,120.28052003341274,North,Standard,Type_A,Mobile,0
45,94733,737,5635.662926772168,102.83492343077114,North,Basic,Type_B,Mobile,0
42,71301,622,42.15848577868901,50.0129639613042,North,Premium,Type_A,Mobile,1
36,79501,720,2857.4193905314337,147.70667446480167,South,Basic,Type_B,Desktop,0
61,113383,730,1539.9532246721535,122.47178839051175,East,Standard,Type_D,Mobile,0
31,42418,619,15676.657785461639,155.70918003907636,North,Basic,Type_A,Desktop,0
53,23379,676,2945.8047013476785,98.31260210122043,West,Premium,Type_B,Mobile,0
22,38369,774,6015.182139936602,167.07124598953754,West,Basic,Type_D,Mobile,0
46,29809,724,7461.298179369496,154.78741470805352,North,Premium,Type_A,Mobile,0
53,27584,674,8407.871298475711,79.95803811427496,North,Standard,Type_B,Mobile,0
18,44057,711,7542.078292571589,104.71574516955091,East,Standard,Type_C,Mobile,0
38,34248,651,1934.118500038707,177.1985318913667,North,Standard,Type_D,Desktop,1
45,26945,749,6565.274828981916,185.42447811915878,South,Standard,Type_B,Desktop,0
40,35507,749,4512.4174664763095,228.04439365456662,South,Premium,Type_A,Mobile,0
41,54720,695,5155.215271286635,63.60670108610242,West,Standard,Type_A,Desktop,0
38,68311,701,4.618045975185487,83.17267532586494,East,Standard,Type_B,Tablet,0
25,16956,634,1692.9351807324927,284.83520948401195,North,Standard,Type_A,Mobile,0
63,34407,615,15124.759148349793,370.0408990396669,North,Basic,Type_A,Mobile,0
31,37577,668,1941.3856875543881,130.84538811352851,North,Premium,Type_C,Desktop,0
42,21317,684,3265.5926117432487,103.54377626231651,North,Standard,Type_C,Mobile,0
30,38022,746,1170.8650488029916,368.91215577063076,South,Standard,Type_C,Desktop,0
18,43988,739,845.4625236176378,302.70457351766794,West,Standard,Type_A,Tablet,0
26,53830,698,1326.2204416284922,178.53642257911667,North,Basic,Type_A,Mobile,0
21,42324,753,4570.993416239488,99.34133315408272,South,Standard,Type_C,Desktop,0
49,25121,637,14244.072810578871,137.78942481003014,North,Premium,Type_C,Mobile,1
30,121364,747,2237.3174749754885,27.910176114973684,North,Premium,Type_C,Mobile,0
31,63737,645,2213.891730066183,198.88489538077891,West,Standard,Type_D,Mobile,0
25,54832,756,4705.801362838398,66.94690241638945,North,Standard,Type_C,Mobile,1
38,70135,688,2500.1928716962416,274.69959761328704,North,Premium,Type_B,Mobile,1
29,46364,580,13671.281464706175,20.85434606650069,North,Premium,Type_A,Mobile,0
48,81750,728,2689.235165998328,69.24193529724057,South,Standard,Type_B,Desktop,0
40,41859,732,3820.5351838573242,119.05217558958017,West,Standard,Type_B,Mobile,1
30,40621,664,4319.473069590191,114.6174374160321,North,Premium,Type_A,Mobile,0
46,57351,668,8633.5704245802,61.900832659123544,South,Standard,Type_C,Mobile,0
37,95736,680,4702.751500477347,118.16126213693487,North,Basic,Type_A,Mobile,0
37,92442,584,1548.8459328825002,98.00272508093933,East,Basic,Type_C,Mobile,0
20,56043,560,750.1226417859965,118.65162624915509,East,Basic,Type_A,Desktop,0
36,53764,759,15736.2831591044,76.78197929885637,East,Basic,Type_B,Mobile,1
40,59282,644,9164.60696788392,222.23019766980784,South,Premium,Type_C,Desktop,1
52,69405,789,131.65377355066394,139.7559092141028,West,Premium,Type_A,Mobile,1
28,82305,763,9765.531385955384,79.74667344035223,South,Standard,Type_B,Desktop,0
62,35678,774,5060.657563927211,166.11905518176593,South,Standard,Type_A,Mobile,0
43,83176,653,4146.119502304097,68.71646844139612,East,Basic,Type_D,Mobile,0
20,48915,601,69.72590072513702,70.18196837618584,South,Premium,Type_C,Desktop,0
27,57844,629,8602.356969662362,24.524343360545974,North,Standard,Type_D,Mobile,0
53,86120,664,1250.790524061668,146.11221931632014,North,Standard,Type_D,Desktop,1
51,60952,559,7377.343493614031,124.84797053258414,North,Standard,Type_C,Desktop,0
37,66824,663,90.64114365759224,55.69755837948196,South,Standard,Type_A,Mobile,0
38,32829,677,9017.76540912455,54.41549804727355,East,Premium,Type_A,Tablet,1
24,91753,618,132.08447643274783,148.0164289173241,North,Basic,Type_B,Desktop,0
51,59270,632,1524.6014897697387,82.24051029409783,East,Standard,Type_B,Mobile,0
26,43466,676,1770.0111510287559,148.2062749155917,West,Standard,Type_C,Mobile,1
46,73908,708,971.2205952731697,26.16935768317469,North,Premium,Type_A,Desktop,0
52,166049,640,3717.1266898394074,41.0002006669255,North,Standard,Type_A,Mobile,1
37,21476,704,1890.6232460862184,207.25780040571982,West,Standard,Type_B,Mobile,0
47,26200,696,28355.17659651844,130.70910892576288,East,Premium,Type_A,Desktop,1
57,175099,691,4915.4155240731425,176.31626192546523,North,Standard,Type_C,Desktop,0
40,51196,653,4736.269874490321,82.39789412406749,South,Premium,Type_B,Desktop,0
35,45027,616,1414.2690527758334,60.49673712864582,East,Standard,Type_C,Desktop,0
36,38112,781,2977.3455193912323,197.68675175895856,South,Standard,Type_A,Mobile,0
28,78357,723,750.0630506833792,4.898329654251754,East,Basic,Type_D,Mobile,0
28,168180,743,8147.028039291536,106.6606978356655,South,Premium,Type_A,Desktop,1
42,28252,684,2279.185938659486,169.99956835258965,East,Premium,Type_A,Mobile,0
35,38498,679,7900.403051140116,81.8380692831375,North,Basic,Type_C,Desktop,1
65,61697,688,6268.953298530241,221.88310377902,South,Standard,Type_B,Mobile,0
54,55501,767,4106.686882939826,111.63648949174133,South,Standard,Type_D,Desktop,1
18,98547,712,3616.7679140244463,109.065338320518,North,Premium,Type_D,Desktop,1
36,43012,675,11302.369030604284,97.53391650867513,North,Basic,Type_C,Desktop,1
32,24419,566,2094.8297675399176,84.90914358507561,East,Premium,Type_B,Desktop,0
28,43182,680,223.90150668326498,267.16176757085424,West,Standard,Type_D,Mobile,0
20,66351,727,12710.72322504388,78.3179560617292,West,Basic,Type_B,Desktop,0
35,12893,737,10458.63713402995,225.7586588729202,East,Standard,Type_A,Desktop,1
46,42751,757,2739.5444689131496,349.5714360741427,West,Standard,Type_B,Mobile,0
36,62585,645,1230.7251805627307,45.03723858826163,North,Premium,Type_B,Tablet,0
47,49006,660,6753.440548724524,32.54482312225659,East,Premium,Type_D,Desktop,0
39,35017,676,492.21402747235277,14.785842326760807,North,Standard,Type_C,Mobile,0
51,21701,723,3307.33162360353,223.637132987343,East,Standard,Type_D,Desktop,0
32,42612,668,538.6445159016772,227.5114320347786,West,Standard,Type_C,Desktop,1
18,21437,713,5466.4711641889735,47.34092390607837,West,Basic,Type_A,Mobile,0
19,62823,661,165.5123161963882,187.4043851182222,South,Standard,Type_C,Desktop,0
32,44416,643,5953.175668834461,60.007343089262086,East,Standard,Type_A,Desktop,1
28,100089,746,6710.543821624998,114.59581951172899,West,Standard,Type_B,Desktop,0
31,14182,701,4006.566602551778,214.16046777465044,North,Standard,Type_C,Mobile,0
51,35384,725,1154.2846601041458,146.99856133659358,East,Standard,Type_B,Mobile,0
20,65006,671,641.4632221043986,55.23525826833859,North,Standard,Type_C,Mobile,0
55,81975,728,2255.0797228122437,119.88979010094445,West,Basic,Type_A,Desktop,0
28,66515,623,3755.249542410834,83.75535087003355,North,Standard,Type_C,Desktop,0
23,24998,632,6166.826115441298,185.9046339511612,North,Standard,Type_A,Mobile,1
36,32662,736,7.5054574785481405,144.1314349376113,East,Standard,Type_B,Mobile,1
55,12085,679,7449.29873494217,143.32002911489133,North,Premium,Type_B,Mobile,0
30,44020,669,7483.619074773538,52.44816531772823,North,Basic,Type_B,Desktop,0
31,82938,631,3527.728384265314,51.10613368433841,South,Standard,Type_A,Desktop,0
32,43072,728,2524.1405449157437,125.68339364855912,West,Standard,Type_B,Mobile,0
51,59483,789,11082.690578294729,202.71950329261284,North,Basic,Type_C,Mobile,0
33,58592,717,9211.202405752818,302.02126970262225,West,Basic,Type_B,Mobile,0
43,35850,657,24545.494550147032,22.239523067410296,East,Standard,Type_B,Mobile,0
39,10814,761,2790.62961601384,115.40214408477702,South,Basic,Type_B,Desktop,0
37,91721,703,14240.144736123168,214.9884195002868,East,Premium,Type_D,Mobile,0
32,54801,658,548.7580619790375,174.40209889492994,North,Standard,Type_D,Mobile,1
61,21118,755,3180.7241551095135,140.2624358995027,South,Premium,Type_B,Desktop,1
70,52935,673,3757.128384493597,212.68530600820858,North,Premium,Type_B,Tablet,0
28,48051,601,3488.2859655223156,48.42312815512363,North,Premium,Type_B,Tablet,0
25,90184,665,5886.54673867823,178.2738635345161,South,Standard,Type_A,Tablet,1
38,56060,713,1119.4801067257745,221.95046636841622,North,Premium,Type_A,Desktop,0
18,56173,642,12079.773606481824,41.711387295091114,East,Standard,Type_A,Desktop,0
38,48031,577,4814.612645502524,144.26734958639898,South,Standard,Type_A,Desktop,0
61,27736,766,14073.553590489302,187.2402047192593,West,Basic,Type_B,Desktop,0
31,62811,850,15.810677302938451,198.25024871805383,North,Premium,Type_B,Tablet,0
50,42288,656,5965.32089061326,20.20562744646267,North,Premium,Type_A,Mobile,0
55,25003,647,3190.8437130204397,69.30187171472872,South,Standard,Type_D,Mobile,0
28,29531,606,4220.385967124728,7.785793851663046,North,Standard,Type_D,Mobile,1
40,22535,636,8170.886976929554,265.5934270285735,East,Premium,Type_D,Desktop,0
42,78210,596,1546.0353634826497,87.14236890105683,South,Basic,Type_B,Desktop,0
46,131660,609,1375.720054452889,48.644458979278745,South,Standard,Type_A,Tablet,0
47,82558,683,7284.2967772389575,44.4426491762308,North,Standard,Type_A,Mobile,0
51,53096,593,4420.911371180861,72.19937693613183,South,Premium,Type_A,Mobile,0
29,41339,600,1596.6124130579985,222.19349410319975,South,Basic,Type_A,Tablet,0
40,36381,695,3970.1077671186436,54.03889143500602,North,Standard,Type_D,Mobile,0
55,24532,648,3692.2122392028036,288.6197324212885,North,Basic,Type_D,Mobile,0
56,129294,703,7055.1198829302875,33.13412014969871,South,Standard,Type_C,Desktop,0
40,23878,663,15.987903897539471,412.0205434217714,North,Premium,Type_C,Mobile,1
32,26510,672,5302.364304851088,73.43462839211449,East,Standard,Type_B,Mobile,0
50,38402,727,5583.526957644793,293.0833918825954,North,Standard,Type_C,Mobile,0
44,40242,652,8210.96565338707,265.9186161005366,North,Premium,Type_D,Mobile,1
44,60344,723,13201.821040184399,265.2005168177255,North,Premium,Type_B,Desktop,0
47,29291,659,3480.9448566851574,106.94888758568423,North,Basic,Type_A,Mobile,1
27,13902,636,2516.04764885067,37.79620858305192,North,Premium,Type_A,Mobile,0
48,37628,622,647.6522529999648,133.60933587876445,North,Standard,Type_B,Mobile,0
40,39093,589,2464.3963500792242,59.460634217987256,North,Standard,Type_A,Desktop,0
51,37334,613,425.6557547099082,266.7517622802314,North,Standard,Type_D,Mobile,1
38,37054,582,9741.835819360018,128.67248596467942,East,Premium,Type_B,Mobile,0
45,35171,626,9870.581668248658,115.6842379541252,West,Standard,Type_C,Mobile,0
43,20255,729,3239.85492712335,62.58659190670225,North,Premium,Type_A,Mobile,1
31,98247,682,1803.7223471093985,80.97464014838363,North,Premium,Type_B,Mobile,0
27,95146,661,753.5159071088552,166.31190043672515,East,Standard,Type_B,Mobile,0
47,94599,644,11432.411756600839,147.75729316146857,East,Basic,Type_C,Tablet,0
28,21913,678,12597.634235685231,187.41795611276518,West,Premium,Type_B,Tablet,0
34,53932,685,1857.8453911008555,197.5681322766632,North,Premium,Type_D,Desktop,1
34,33760,620,5833.366885546568,209.53953667602295,South,Standard,Type_C,Mobile,0
42,32736,709,1795.7242435883873,43.1264350124222,East,Standard,Type_C,Desktop,0
46,25347,664,1530.333917046301,152.65643400995685,East,Standard,Type_D,Mobile,0
20,183594,700,128.61703469335143,145.5317469927684,North,Basic,Type_D,Desktop,1
29,37261,681,5164.560268179154,31.87487830168329,East,Basic,Type_A,Mobile,0
29,25443,602,974.7009548378179,159.00800041723156,North,Standard,Type_C,Desktop,1
35,46395,757,74.69005790841715,263.75976000600286,North,Standard,Type_A,Tablet,1
18,66112,682,664.5916662161704,161.72321095193007,South,Basic,Type_B,Mobile,1
51,39599,662,2259.247514599986,34.80093253170311,North,Premium,Type_A,Mobile,0
39,49270,716,6636.78027999397,59.64701152044517,East,Standard,Type_B,Desktop,0
36,75689,617,1358.5665304649356,138.4775110393978,East,Standard,Type_B,Mobile,0
47,24977,594,13113.644290835447,51.714544536703464,West,Standard,Type_B,Tablet,0
44,47449,714,2042.1814355637573,170.56209131796453,South,Basic,Type_C,Mobile,0
44,29868,748,2413.857157997985,116.91591512150005,North,Basic,Type_B,Mobile,0
38,27663,699,1475.2281432930845,206.2815416786579,North,Standard,Type_A,Desktop,0
39,115780,728,1756.612623329615,92.62637380026591,South,Basic,Type_C,Mobile,0
48,40782,611,462.1618021595115,140.73296748853312,East,Standard,Type_B,Mobile,0
44,23503,662,2095.3926530809977,66.87752938562404,South,Basic,Type_B,Mobile,0
58,40274,646,11780.304907518504,364.8999220707125,South,Premium,Type_D,Desktop,0
39,21618,741,6996.6823642796735,113.66209444594611,South,Premium,Type_A,Desktop,0
45,37928,711,12489.536866612474,41.172434999760604,North,Premium,Type_B,Desktop,0
36,29207,741,664.644283680311,225.87831168132357,East,Standard,Type_C,Mobile,0
42,57308,648,3648.6093456601634,90.07838146753548,South,Standard,Type_A,Mobile,0
42,128584,619,1562.3852077397885,218.48414975098137,East,Premium,Type_B,Mobile,0
33,38853,758,7663.899131250605,91.39477492904958,East,Basic,Type_C,Tablet,1
30,29836,684,21087.101866802313,51.030004708415774,North,Basic,Type_A,Mobile,0
39,92966,644,3618.3973686526083,277.75222743374655,East,Basic,Type_A,Mobile,0
62,24402,656,11972.677499070849,111.7366756951177,South,Premium,Type_D,Mobile,0
53,36287,755,721.4165011450741,124.54554033477994,North,Standard,Type_D,Mobile,0
45,46268,656,5270.727912817292,120.46325146096065,North,Premium,Type_B,Mobile,0
56,95439,695,8207.087441267446,107.27177129414171,South,Standard,Type_A,Desktop,1
40,81614,672,8790.52885153622,32.50038600156499,North,Premium,Type_A,Mobile,0
39,49492,600,5669.9009564943635,113.40040040899217,South,Standard,Type_A,Mobile,0
24,92634,658,3764.052371503717,202.2523525785345,South,Premium,Type_B,Desktop,0
57,105442,532,1913.6990554574643,79.04138229575554,East,Standard,Type_A,Mobile,0
41,34252,688,15210.074314980731,114.5958889550435,West,Premium,Type_A,Mobile,0
38,35978,706,2924.093191633032,17.04076857297961,North,Premium,Type_B,Tablet,0
29,70503,627,10161.269737391307,250.973941877642,North,Premium,Type_C,Mobile,0
54,123200,645,203.79279794800956,299.8239758596145,North,Premium,Type_D,Desktop,1
51,30122,598,1673.1773776501352,298.7113413921494,East,Basic,Type_B,Mobile,1
28,15327,547,2685.417286137018,35.27598460841138,West,Basic,Type_C,Mobile,0
45,66487,589,7051.811528575624,212.82237572587107,West,Basic,Type_B,Mobile,1
49,101282,716,2436.2994315494298,11.388690344692844,West,Basic,Type_B,Mobile,1
24,48945,659,267.54299265568744,220.33312724994653,West,Premium,Type_C,Mobile,1
47,213922,690,1209.6674655291986,119.23777293454768,West,Premium,Type_C,Mobile,0
44,27701,797,1899.8595658327022,94.21131621320195,North,Standard,Type_B,Mobile,1
47,29294,736,1226.40168942307,211.88086889091315,West,Basic,Type_B,Mobile,0
63,29061,709,1442.797445786161,129.651131807318,East,Standard,Type_D,Mobile,1
75,47739,649,9279.290818193078,66.60111156940228,North,Standard,Type_B,Tablet,0
54,48387,769,3363.541818714379,185.1289940560248,North,Premium,Type_C,Desktop,0
42,28822,750,3290.136078975799,245.9414299472541,North,Premium,Type_C,Tablet,0
47,87881,730,21529.46440983621,202.21751124763367,East,Standard,Type_A,Desktop,1
44,53099,677,3748.4355888408118,210.10468961499498,East,Standard,Type_B,Mobile,1
68,24657,623,16633.56417175909,52.63982192577204,North,Premium,Type_D,Mobile,0
41,65097,767,2250.470248894695,84.43763873391043,East,Basic,Type_B,Desktop,0
34,35407,729,3241.842924051462,142.4764069855588,North,Basic,Type_A,Mobile,1
46,48148,665,3196.1187166808772,280.7868956694705,East,Basic,Type_B,Mobile,0
64,76477,661,5002.267658023751,68.30288130952795,East,Basic,Type_A,Mobile,0
27,81681,605,5558.542749411913,271.9737966647257,West,Premium,Type_B,Mobile,1
31,77806,722,1806.173128904472,28.049513946543055,North,Basic,Type_A,Mobile,1
30,46699,687,9993.131967059453,251.3770865134845,West,Standard,Type_B,Tablet,0
24,25544,701,4346.079738885791,237.64979798869612,North,Basic,Type_B,Desktop,0
27,37593,732,44.76701746265538,371.60138907103834,South,Premium,Type_B,Mobile,1
50,45976,720,5667.53099019863,219.35531428591668,South,Standard,Type_B,Desktop,1
42,112730,626,10131.951969246946,150.7681496195196,East,Premium,Type_A,Mobile,0
23,33270,679,1825.9290273051681,95.04331644175754,West,Premium,Type_A,Desktop,0
47,51074,702,244.50942555092635,87.23812839930305,South,Basic,Type_B,Tablet,0
43,21941,706,10424.610906274083,116.62093520626024,West,Basic,Type_A,Mobile,1
51,55423,584,23694.889009596474,90.49448436365454,North,Standard,Type_C,Desktop,0
32,44155,618,504.4713181930123,185.09265557463294,South,Standard,Type_C,Mobile,0
24,42029,716,17614.35999954772,216.0467748835837,South,Basic,Type_A,Mobile,0
47,74666,715,2819.308752350328,64.65042401310318,North,Standard,Type_A,Desktop,0
49,30284,772,17972.079260897226,222.94043539636837,West,Basic,Type_A,Desktop,0
25,103485,586,6627.905494602079,157.5845431109434,East,Standard,Type_B,Desktop,0
42,28995,730,13993.48990198203,99.80774449951755,South,Standard,Type_A,Tablet,0
31,101384,699,9759.662305743945,247.95207889713518,East,Basic,Type_A,Desktop,0
51,17716,615,179.84863138148953,71.99249297774458,South,Standard,Type_B,Desktop,0
47,54302,573,428.65346616907897,46.59912109914409,North,Standard,Type_D,Desktop,1
54,64965,733,4724.7255326253835,69.43858082617795,South,Basic,Type_C,Mobile,0
29,36694,619,879.2202814329243,84.47495625443639,East,Basic,Type_D,Mobile,1
31,53412,600,3914.6538126321516,241.90005680198536,West,Basic,Type_A,Mobile,0
34,36611,704,19588.43485124611,234.67652750425881,North,Standard,Type_A,Mobile,0
32,59035,677,2211.6839954903667,125.61499885355846,South,Standard,Type_A,Desktop,0
43,52557,711,4251.027629794714,24.10540651388134,North,Premium,Type_D,Mobile,1
26,167334,703,3071.2225839632283,74.9382562893613,North,Premium,Type_A,Mobile,0
58,20138,850,6293.96988364815,349.6099791445733,South,Standard,Type_B,Tablet,0
60,51049,720,1364.7013545722634,207.58626248984524,North,Premium,Type_B,Mobile,0
53,35398,716,1906.479353336484,22.53243820450473,East,Standard,Type_C,Mobile,0
45,48804,625,12396.551889109869,14.28565722463851,South,Basic,Type_A,Mobile,0
37,41865,769,10562.662465733303,201.96490838055834,North,Basic,Type_B,Desktop,1
41,36937,648,9859.7114784902,275.83871755421717,South,Premium,Type_D,Mobile,0
30,33329,624,9333.321144782776,56.52853561507621,North,Standard,Type_B,Tablet,0
41,69072,665,3895.9183511921874,72.57289872735328,West,Basic,Type_B,Mobile,1
43,36406,703,8266.478744159669,229.67350594744573,North,Standard,Type_B,Desktop,0
29,44776,650,3101.5886434469417,99.989920836722,North,Basic,Type_C,Mobile,0
59,50595,626,672.2785773737216,109.5337852753879,South,Basic,Type_A,Mobile,0
38,29600,624,3165.6779100088947,105.94317418089598,West,Standard,Type_A,Mobile,0
26,64927,689,1094.165909902259,134.3439248047977,West,Standard,Type_C,Mobile,0
36,25788,710,3139.3921360466984,153.15439048646923,North,Standard,Type_B,Mobile,0
32,60642,715,2235.6883801245463,367.6780466920193,North,Standard,Type_D,Mobile,1
29,57462,586,5789.899120466776,94.46982082869769,East,Standard,Type_C,Mobile,0
58,41935,628,2841.7470528582717,109.21952860639176,East,Basic,Type_B,Desktop,1
39,23800,732,7744.278285615976,52.35842664174327,North,Basic,Type_A,Mobile,0
52,45532,652,4545.689796779228,133.39562137367798,South,Premium,Type_C,Tablet,0
44,24693,689,15956.213807263282,240.54903527338888,North,Basic,Type_C,Tablet,0
45,42458,832,604.4417235717302,71.96526324857906,North,Standard,Type_C,Mobile,0
39,72171,545,7370.8627715211705,64.33255978034437,South,Basic,Type_A,Mobile,0
34,44941,670,7067.698506870508,227.34728407319145,North,Premium,Type_D,Desktop,0
55,94912,719,19052.83517628815,152.6150632132847,North,Premium,Type_A,Desktop,1
47,53959,619,2941.844603413497,64.7527601305406,North,Standard,Type_A,Tablet,1
37,71511,669,2308.3340939446384,138.12341974359896,South,Standard,Type_D,Desktop,0
51,69167,607,1198.376940760223,60.25550259135914,North,Premium,Type_C,Mobile,1
57,103865,711,1952.4234999619064,97.46825551402681,South,Basic,Type_B,Mobile,1
43,21028,638,4413.927329871265,103.92290384907646,West,Standard,Type_D,Tablet,0
58,33330,652,11516.461588401451,225.2460744074836,North,Basic,Type_A,Desktop,0
33,46103,730,2118.3446835337436,178.07821502432793,East,Standard,Type_A,Desktop,1
28,72673,710,1087.2372335648172,233.72954360411467,East,Premium,Type_C,Desktop,0
35,50079,735,2011.661211555723,96.26811359794112,North,Standard,Type_A,Mobile,1
39,45181,781,673.8097850848911,167.29868621588886,North,Basic,Type_D,Tablet,0
58,83200,682,16549.83687861992,31.295989381256877,North,Standard,Type_D,Tablet,0
34,37173,802,13050.549824148477,62.925576320502316,East,Premium,Type_A,Mobile,0
44,36168,689,2336.2409475905847,45.956146871582874,South,Basic,Type_D,Mobile,1
52,61631,755,1796.6011805412593,204.51547816193744,North,Premium,Type_A,Mobile,0
45,185727,676,14934.439601599728,329.417411559038,East,Standard,Type_B,Desktop,0
33,44829,727,11.232312863414556,107.22772497479556,East,Standard,Type_D,Mobile,0
23,30999,652,5812.325436044648,175.57189892214657,North,Standard,Type_D,Mobile,0
50,26246,670,7882.571141132652,237.65864415879278,North,Standard,Type_B,Mobile,1
23,45109,710,2732.131864487956,281.6547467627882,East,Standard,Type_D,Mobile,1
24,29241,559,6547.283954227963,337.9334098010781,West,Basic,Type_B,Desktop,1
18,27985,639,1862.7012190879834,89.27383016145595,East,Standard,Type_D,Desktop,1
41,30034,576,2070.6277519731693,181.9152357433858,East,Standard,Type_D,Desktop,1
36,31740,646,521.369675051622,92.12859763372677,South,Standard,Type_D,Mobile,1
36,77044,617,3633.1371396315926,145.13904485316579,West,Standard,Type_A,Mobile,0
35,68073,695,6418.610891043752,180.1966000836058,South,Premium,Type_B,Mobile,0
28,22915,682,10366.1719143065,94.74561732286885,West,Premium,Type_B,Mobile,1
55,24905,751,11083.78225328951,189.60541818147533,North,Premium,Type_B,Desktop,1
44,60443,668,32569.81880805516,114.61160433030498,East,Premium,Type_B,Mobile,0
25,91214,692,612.3165352981221,127.0775239134794,East,Standard,Type_D,Mobile,0
31,90362,638,4530.09381353985,42.101309604371835,South,Basic,Type_B,Desktop,1
29,25974,604,4912.246547103592,85.66841307295893,East,Standard,Type_B,Mobile,0
58,87759,723,10882.439287268851,86.79472096144927,East,Premium,Type_A,Tablet,0
49,16192,748,2064.898737003027,489.4670893464886,West,Standard,Type_A,Mobile,0
38,42352,715,479.30663798582805,73.13086152340125,North,Basic,Type_C,Tablet,0
62,64563,680,2510.1741634601017,125.43152799701413,North,Standard,Type_A,Mobile,0
59,13458,612,27537.77343935116,74.27028326575865,North,Basic,Type_A,Mobile,1
37,172257,741,15313.417508748802,114.82665432083802,North,Premium,Type_B,Desktop,0
35,107854,707,3352.9006946625314,143.37611357810061,North,Premium,Type_A,Tablet,1
35,71194,795,13931.131073151531,63.39235737062444,East,Standard,Type_A,Mobile,1
28,26583,601,222.0194757071967,227.70132746282547,South,Standard,Type_D,Desktop,1
62,45989,724,2514.501230198375,65.87482860422523,East,Basic,Type_D,Tablet,1
27,77715,705,8650.630131177639,37.33970342739756,South,Basic,Type_B,Mobile,0
51,24141,651,1668.833033284991,135.52548989337052,South,Premium,Type_B,Desktop,0
49,42936,755,1474.2284043367285,394.1869591294976,North,Standard,Type_D,Mobile,1
36,83627,696,13194.053139383715,28.07886224072684,East,Standard,Type_A,Mobile,0
63,19233,614,6379.952270344615,47.05739530115542,East,Basic,Type_B,Mobile,0
20,58742,664,30079.51628635523,216.5395235977588,North,Standard,Type_B,Mobile,0
39,16406,614,964.2931187522688,72.9036722104119,North,Premium,Type_C,Mobile,0
34,26929,643,2935.0397524814443,149.14996414430794,North,Standard,Type_D,Mobile,1
52,35221,715,2485.4915949649976,252.04516561936663,East,Basic,Type_B,Mobile,0
45,65618,732,14142.440832123297,207.61105189309148,East,Premium,Type_B,Desktop,1
18,31241,685,1965.1276887434492,142.54360329628724,South,Premium,Type_C,Desktop,0
56,51766,626,2907.4783611090234,144.27123179439425,North,Standard,Type_D,Mobile,0
46,31501,695,1027.4902343356255,142.28903903085217,North,Basic,Type_D,Mobile,0
27,34665,716,9956.257411967032,159.00750987620887,North,Standard,Type_C,Tablet,1
36,102957,551,1809.4627197228515,290.61195205511785,North,Premium,Type_D,Mobile,0
23,23738,679,471.77442058900317,55.40365852690193,North,Standard,Type_A,Mobile,1
38,76244,660,3807.480090643784,49.3326858887889,North,Premium,Type_B,Mobile,1
42,47912,730,3311.2636696887193,189.82176902574372,South,Premium,Type_A,Desktop,0
36,33726,695,1303.5971756628733,80.79360402378477,North,Standard,Type_A,Mobile,1
34,22782,701,956.0384461876596,40.06496430307811,South,Standard,Type_C,Mobile,0
19,23796,642,15124.91070287396,328.9383788596898,South,Standard,Type_D,Desktop,0
44,30527,672,468.37078861694766,152.9996804145802,East,Premium,Type_C,Mobile,0
18,43742,729,697.3013660804063,352.7150825827713,East,Standard,Type_C,Mobile,0
40,69326,668,1874.0010381230484,204.8295556685267,North,Basic,Type_A,Tablet,0
18,39906,682,20361.280137362683,107.48278076713733,East,Standard,Type_C,Mobile,0
41,41572,578,595.0083115905524,132.86849011110536,West,Standard,Type_B,Desktop,1
40,45544,668,11286.000698295093,240.97640739264446,North,Premium,Type_C,Mobile,0
45,64160,549,14840.713797283035,38.984042015868276,North,Premium,Type_B,Mobile,0
51,71098,640,3164.0171634873063,250.07574511560105,West,Basic,Type_B,Mobile,0
53,20541,676,2319.9365157677407,126.93060512593594,West,Standard,Type_B,Desktop,0
19,40352,719,7541.820516095468,114.05550968485203,North,Standard,Type_B,Mobile,0
39,101504,611,8085.290636025534,452.6162053591429,North,Basic,Type_A,Mobile,0
66,21450,695,10093.492884482866,292.3431307735262,East,Standard,Type_B,Tablet,1
42,50170,761,11835.309466248631,70.90552485225587,North,Basic,Type_B,Desktop,0
29,43190,633,2083.4343430486365,161.67733546429346,West,Standard,Type_C,Mobile,0
39,33910,577,7742.862788585582,63.40305323363746,North,Premium,Type_C,Mobile,0
35,126743,689,966.1119248192348,180.6081056046307,West,Basic,Type_D,Mobile,0
25,49034,599,4765.62344093613,403.2040468919621,North,Basic,Type_C,Mobile,1
51,120723,622,6326.922821614826,326.9965317071457,North,Premium,Type_A,Tablet,1
48,48108,728,1176.1156334536292,175.7508775644584,West,Basic,Type_C,Tablet,1
23,63515,786,530.6104054561359,163.1441237200465,North,Standard,Type_B,Mobile,0
39,33692,611,1443.9858592815192,120.39392986415368,North,Standard,Type_A,Mobile,0
33,33922,627,3638.2851566060563,420.82155159841255,West,Premium,Type_C,Tablet,0
20,61570,645,14585.58382515956,226.30215410142912,North,Standard,Type_A,Desktop,0
22,62264,638,5060.6943081459285,98.44611205592878,North,Premium,Type_A,Mobile,0
24,69093,790,9201.893509057394,143.6199041059932,North,Standard,Type_C,Mobile,0
39,60353,639,1275.5699632620285,148.370264179223,East,Premium,Type_C,Mobile,0
34,21185,648,746.8341142876334,74.13114395491513,East,Standard,Type_C,Tablet,0
28,29289,770,1826.2233040266256,148.96245963266816,West,Standard,Type_A,Mobile,0
35,80594,707,2511.3556071377975,189.70495916748993,South,Basic,Type_D,Desktop,1
50,14485,732,5295.325533226947,65.47868267793352,North,Premium,Type_C,Mobile,0
45,57330,616,14204.523920578198,256.4557841025288,North,Basic,Type_D,Tablet,0
53,44775,639,3701.9149930138765,83.67703604762035,East,Standard,Type_C,Mobile,0
37,80576,608,4876.4568598699725,99.37921969083133,East,Basic,Type_B,Mobile,0
61,61844,721,30.828074588937024,81.93463710431794,West,Standard,Type_A,Mobile,0
45,31952,747,225.86365341465452,70.89841396055762,West,Basic,Type_C,Mobile,0
34,31078,635,583.2465393419602,284.1455786879338,North,Standard,Type_C,Mobile,0
41,34832,649,8004.169099033189,315.24813756568705,South,Standard,Type_A,Desktop,0
24,68340,652,4439.362637589443,89.09570163344549,South,Standard,Type_C,Mobile,0
36,11741,577,1429.2235382847853,265.06495971210796,North,Basic,Type_B,Mobile,1
46,52783,631,5986.389316026513,42.575976632980684,North,Basic,Type_B,Mobile,0
48,27949,719,5244.038730298566,110.05313900787489,West,Standard,Type_B,Mobile,0
35,53873,618,619.9473374540684,53.06422091436847,South,Premium,Type_A,Mobile,0
75,59177,677,6818.65664167442,441.4484672719614,South,Basic,Type_A,Mobile,0
38,17359,592,9715.878238811374,289.7267888462779,South,Basic,Type_C,Mobile,0
19,41736,663,2250.9939976377145,34.48305884388998,East,Premium,Type_A,Mobile,0
56,52725,637,7754.101125484083,74.52523599574563,North,Basic,Type_A,Mobile,1
48,50590,597,1485.2867268154578,112.25807804110696,South,Premium,Type_D,Mobile,0
43,44493,720,9423.856432953542,128.84276549038566,South,Basic,Type_A,Mobile,0
34,22735,723,16185.703278381645,49.506860219926885,West,Standard,Type_C,Desktop,0
45,24952,612,3887.7214370759953,213.68349855040947,South,Standard,Type_D,Mobile,0
61,20653,659,1870.2473087379924,264.5253763739763,West,Premium,Type_B,Mobile,1
43,67262,674,3396.3626754500874,167.78941018814052,North,Standard,Type_C,Desktop,0
21,44674,561,1918.569164410398,160.21264787233213,West,Standard,Type_D,Mobile,0
18,46450,586,8.267629517953559,82.16990438986771,West,Basic,Type_D,Mobile,1
45,16907,750,7007.5172092827315,108.21415606295267,South,Basic,Type_B,Mobile,1
64,109295,709,19221.392939789388,218.8240989092562,East,Premium,Type_A,Mobile,0
51,114201,761,15356.40941236761,213.62132758092955,North,Standard,Type_C,Mobile,1
54,37721,718,3751.868210245564,101.17282918368973,East,Basic,Type_B,Mobile,0
52,61125,691,41.949330534829585,119.8577547409288,West,Premium,Type_B,Mobile,1
39,53176,637,10916.033623885336,110.61543888739314,South,Basic,Type_D,Mobile,1
32,76959,625,14894.295971860152,273.6365539663361,North,Premium,Type_C,Desktop,0
36,42200,524,1344.381354517828,16.208897066729616,West,Premium,Type_D,Mobile,0
39,53756,669,17354.605115865037,145.29692691957302,West,Standard,Type_B,Mobile,1
65,53056,641,17181.778279919206,228.15054594273917,North,Premium,Type_A,Mobile,0
23,70999,622,4461.217678718219,102.53065901231508,West,Basic,Type_C,Mobile,0
34,76773,665,11197.619489797691,138.72694491402234,North,Premium,Type_D,Tablet,0
29,53780,670,4120.854057495609,141.0997978402643,North,Standard,Type_D,Mobile,0
55,54822,626,5811.534090291206,159.8930802919753,East,Standard,Type_A,Mobile,1
66,58477,768,2697.980309872048,81.95732687018905,East,Premium,Type_B,Mobile,0
45,143795,712,1216.0529838965545,141.76445368275915,East,Standard,Type_B,Mobile,1
46,16943,723,9607.750468494785,266.7283435677686,North,Standard,Type_B,Mobile,0
42,27424,660,9.756708001028622,60.76101570224633,North,Standard,Type_A,Mobile,1
47,77652,699,6065.052768567493,85.24861682031255,West,Basic,Type_A,Mobile,1
51,60125,609,14001.102292373345,150.87024337396366,North,Premium,Type_C,Desktop,0
47,59858,708,1750.7017408555896,225.06680800943758,North,Standard,Type_C,Mobile,0
48,77348,653,2833.701534952962,61.04549576926748,East,Premium,Type_D,Mobile,0
52,58038,601,6198.393443965434,100.55306878880586,South,Premium,Type_D,Tablet,0
18,35565,665,1984.624254641971,379.69927753538235,North,Premium,Type_B,Mobile,0
41,75476,648,13163.531536474122,162.8665986379493,North,Basic,Type_D,Mobile,0
45,51357,813,3196.6070154745885,216.24138387373344,West,Standard,Type_C,Mobile,1
47,38172,694,6099.451105479069,282.84957497049805,West,Premium,Type_D,Mobile,0
39,78477,766,1794.3795736242316,163.4416076265315,North,Premium,Type_A,Mobile,0
43,76546,738,295.8699748996059,62.67646601037093,South,Premium,Type_A,Mobile,0
32,58066,669,1335.5838804599323,131.34736118298372,North,Premium,Type_C,Mobile,1
18,150368,638,331.10111487260474,224.6859077043688,East,Standard,Type_D,Mobile,0
54,117436,556,4425.733088418253,239.07177361069435,North,Premium,Type_D,Mobile,0
26,95591,611,6184.010581947133,104.73653012339567,East,Premium,Type_C,Desktop,1
39,257480,708,319.9272975970459,97.2996867748613,South,Standard,Type_B,Desktop,0
31,46192,647,663.8851359218169,97.0642672633486,South,Basic,Type_C,Mobile,0
62,37758,690,4652.258575059085,240.61624431174377,East,Standard,Type_D,Tablet,0
40,87398,538,11237.421698439925,110.44010688652142,South,Basic,Type_C,Desktop,0
37,43188,695,6922.20269662623,33.27394577264258,East,Premium,Type_C,Desktop,0
51,51066,736,774.2548568390862,123.23705568325813,North,Basic,Type_A,Mobile,1
70,27144,554,15296.245268051343,221.79717611176022,North,Premium,Type_C,Desktop,0
47,74425,690,17460.477669828226,272.0754953575558,South,Basic,Type_B,Tablet,0
36,19964,751,2750.8504198933865,102.31155067050581,South,Basic,Type_D,Mobile,0
50,47679,773,6700.11342344539,149.63049649847653,South,Basic,Type_C,Desktop,0
20,50191,634,4745.4262469951655,144.65051760118195,East,Basic,Type_C,Desktop,0
42,38452,716,19934.055094735326,132.17752046939947,South,Standard,Type_D,Mobile,1
68,16654,757,4975.5939060746,131.67435370965407,West,Premium,Type_A,Mobile,1
43,16576,692,22526.150728769182,34.14066822002878,South,Standard,Type_A,Mobile,0
43,31595,748,1556.2545388559329,203.84037082639517,North,Standard,Type_C,Mobile,0
41,71305,664,2967.5789969001657,276.883251882111,North,Premium,Type_B,Mobile,0
36,60859,691,10641.828622935074,134.38132792194608,West,Standard,Type_B,Mobile,1
45,50157,627,10714.73440233905,73.86724567943475,North,Standard,Type_D,Mobile,0
52,28943,656,9222.166733193832,193.2608326202438,North,Premium,Type_B,Tablet,0
37,62905,694,13743.390135193878,436.59422942301563,North,Standard,Type_A,Mobile,1
18,16219,622,8487.473884499324,189.2081476110195,North,Standard,Type_B,Mobile,0
47,11109,652,7075.8474646486,169.2687541716566,South,Premium,Type_A,Mobile,0
70,43450,714,4299.381812257308,78.62844933432241,North,Standard,Type_B,Tablet,0
36,35864,796,4405.789429992495,36.7816729024488,South,Basic,Type_A,Mobile,0
22,96279,536,3648.035094656155,140.8699030776738,North,Basic,Type_D,Desktop,1
50,56015,791,6776.990845032962,190.11845432705877,East,Standard,Type_B,Mobile,0
64,144177,650,3653.960175057505,333.1981814091499,East,Standard,Type_A,Mobile,0
48,35815,727,1117.0278010749628,164.85286811961336,East,Premium,Type_B,Mobile,0
64,68983,740,788.4946385425301,44.169459395370076,South,Premium,Type_C,Mobile,1
52,43198,765,18082.788323739995,79.70616980519524,North,Premium,Type_B,Desktop,1
51,121591,620,175.3503968456365,173.14067710429745,East,Basic,Type_B,Mobile,0
34,44538,652,780.1764408787776,172.64942002698118,North,Basic,Type_D,Mobile,0
45,87069,663,4125.356478984838,236.73528389253937,North,Basic,Type_B,Desktop,0
41,25612,644,2135.471428237675,87.90339423902984,West,Standard,Type_B,Mobile,0
40,38962,750,3644.351308782283,339.4907331638802,West,Premium,Type_D,Mobile,0
38,48055,661,874.5580738714239,201.09474280267258,West,Standard,Type_B,Tablet,0
44,112814,564,982.1354705066528,86.05160817197505,West,Standard,Type_A,Mobile,1
24,12604,626,11289.130149522058,128.48536276427714,West,Standard,Type_A,Desktop,0
52,41054,566,9963.867673586545,62.96569522729509,East,Standard,Type_D,Desktop,0
29,40184,652,770.6798543374172,235.15994766741454,North,Standard,Type_D,Mobile,1
38,13601,709,7713.924601702751,297.74734537505645,West,Basic,Type_A,Mobile,0
46,37776,625,6578.9098169658855,406.5033186980325,West,Standard,Type_B,Mobile,0
29,19102,641,8746.763932451115,146.6191032782487,North,Basic,Type_A,Mobile,0
18,11582,649,4503.15502945628,177.63016565131977,South,Premium,Type_C,Desktop,0
36,42924,675,2202.8489036943283,168.0095142062405,North,Standard,Type_A,Mobile,1
22,42014,699,7627.828050469209,287.59912799307943,West,Premium,Type_A,Mobile,0
51,43399,717,3249.3470062110173,93.51492403884369,South,Premium,Type_D,Mobile,0
26,59484,809,1729.838774709007,128.55806046821692,North,Premium,Type_B,Mobile,1
61,29038,674,3677.1821250535727,182.37864875109594,North,Premium,Type_A,Desktop,0
41,157556,713,10085.840333263166,277.2185141171207,West,Basic,Type_D,Desktop,0
42,49624,566,4521.083065948677,320.7592396417954,South,Standard,Type_C,Desktop,0
18,114470,642,2495.3673734913054,260.17467266532276,North,Basic,Type_C,Desktop,1
43,17490,649,12481.06685422925,136.13355197298756,South,Premium,Type_D,Mobile,0
40,29875,602,14938.393251089909,215.74823905658897,North,Premium,Type_B,Mobile,0
24,78276,632,3974.864161232655,154.3852142951449,North,Standard,Type_A,Mobile,0
42,43907,659,3286.5321086576255,109.78533631952956,South,Standard,Type_A,Tablet,1
36,25684,634,6639.870815840329,166.9459387374381,South,Standard,Type_B,Mobile,1
38,15817,831,418.06014212659926,594.6920484797802,North,Standard,Type_A,Tablet,0
42,80635,699,8228.222634959082,92.10789664407804,South,Basic,Type_B,Desktop,1
35,76574,793,10672.062645611824,99.71274774126293,North,Standard,Type_A,Desktop,1
44,59126,761,3545.998623769257,147.21124882866815,West,Standard,Type_B,Mobile,1
40,37021,626,1343.344552674261,270.9610345446197,North,Premium,Type_A,Mobile,0
47,25043,669,204.69245225692242,43.513993508720624,North,Standard,Type_B,Mobile,0
34,49009,639,7098.204794181769,243.46688786809526,North,Standard,Type_C,Mobile,0
27,22033,656,2193.329597352244,107.12067677625498,North,Standard,Type_B,Tablet,1
32,31487,604,4363.906014639597,232.15776937561702,North,Premium,Type_B,Desktop,0
60,112659,638,3418.3768082510387,184.12137395331058,North,Standard,Type_D,Desktop,0
54,15695,689,1345.6258278441203,126.02993203395042,East,Basic,Type_C,Mobile,0
49,29204,655,2277.49735195679,354.46402046268076,South,Premium,Type_B,Mobile,1
55,40748,562,15023.547898909363,101.95367379077116,West,Basic,Type_D,Desktop,1
60,44640,696,180.91265737430544,213.9175874531684,East,Premium,Type_A,Mobile,0
40,156846,646,5974.448470962996,97.35246519618121,South,Premium,Type_A,Mobile,1
49,43207,526,3551.2789964605386,115.35022441488375,North,Premium,Type_C,Mobile,0
46,301106,571,6791.393888291916,160.7075156611602,North,Premium,Type_D,Mobile,0
43,55862,615,3274.7437546036595,335.4248362198199,North,Basic,Type_D,Mobile,1
31,206361,674,9274.775575588788,28.247773792672334,West,Basic,Type_B,Mobile,0
29,96269,712,150.63379201339473,312.090478084716,North,Standard,Type_A,Desktop,0
52,67884,710,3818.3922107558847,84.5467525244451,East,Standard,Type_A,Mobile,0
31,150731,700,13049.06198598411,173.97342863360845,East,Standard,Type_B,Mobile,0
18,111811,658,2111.63136781894,149.5498624321641,South,Basic,Type_B,Mobile,0
42,81223,774,397.41648011264823,63.70848251871732,West,Basic,Type_B,Mobile,1
62,244800,706,5032.275470903986,106.48613842249456,North,Premium,Type_B,Mobile,0
18,38644,675,27515.98464762877,149.89115433105636,North,Standard,Type_C,Mobile,1
38,27907,698,486.2676148323993,59.484786335511785,East,Standard,Type_C,Mobile,1
52,34392,634,532.6305568623013,273.65470047216877,South,Basic,Type_A,Mobile,0
18,168991,657,6630.477831892559,161.29390095100135,North,Standard,Type_C,Mobile,1
39,138682,524,2110.3306426775275,109.52893456862891,North,Basic,Type_A,Mobile,1
26,37969,635,3872.181429032913,125.95025789537128,East,Basic,Type_A,Desktop,0
28,11444,776,13016.26006001551,272.65360082726676,North,Standard,Type_D,Desktop,0
37,46814,670,1625.8399015371922,310.64610110398604,West,Basic,Type_C,Mobile,1
27,27574,668,9316.769521468035,88.90561976817708,North,Standard,Type_C,Desktop,1
26,38757,726,5149.163719665092,68.1020344735901,South,Standard,Type_A,Mobile,1
41,26840,684,17258.509719071102,230.89646739147037,South,Basic,Type_D,Tablet,0
73,18652,609,26477.088043247466,74.84185843894313,South,Premium,Type_A,Mobile,0
53,184136,662,4865.756403602582,205.20569071950675,South,Premium,Type_D,Mobile,0
56,34224,586,6443.2621749823975,82.22250166462103,East,Standard,Type_B,Mobile,1
53,135262,673,10045.20942830182,81.81877983010122,South,Standard,Type_A,Mobile,1
33,46340,606,2813.906977370463,49.35283703762,East,Basic,Type_B,Mobile,0
47,25529,721,1885.696181441788,429.19895348434056,North,Basic,Type_A,Mobile,1
58,74802,627,24518.65063361425,311.7559837471628,North,Standard,Type_B,Mobile,0
54,41461,607,4155.931140877678,129.5318218131555,North,Standard,Type_D,Tablet,1
45,46775,653,11.675350308322244,179.51956400631715,North,Standard,Type_B,Tablet,0
50,58916,685,13335.091409853883,176.32716126338892,East,Standard,Type_C,Desktop,1
76,31458,581,6713.310907351252,433.32720659619906,South,Premium,Type_D,Mobile,0
54,18511,626,1353.6923622955865,199.05501159311316,East,Standard,Type_C,Desktop,0
38,51806,668,224.42369722870572,257.62899961437597,North,Standard,Type_B,Desktop,0
41,100789,748,2526.923100227766,341.4937646226461,North,Premium,Type_D,Tablet,1
28,29668,495,19283.16331156327,87.44858201478581,West,Basic,Type_A,Mobile,0
75,59267,701,19876.417430581343,97.24946076190196,West,Standard,Type_B,Mobile,0
65,143750,635,2731.8064981261937,311.04345381608044,West,Premium,Type_D,Mobile,1
43,50515,628,13254.766537288338,126.61273555713522,East,Standard,Type_A,Tablet,0
73,56688,616,4276.207148027729,79.19868133301263,East,Premium,Type_C,Mobile,0
51,55552,637,7790.2981598460965,170.1177589678533,West,Premium,Type_A,Mobile,0
36,34254,701,2985.6369467861814,305.354587090365,East,Basic,Type_A,Mobile,0
55,27936,625,5321.167533685606,459.7330300277236,West,Basic,Type_A,Mobile,0
48,28011,769,2550.7364052226158,383.4854125922758,North,Premium,Type_D,Tablet,0
54,68203,702,462.45172481203065,22.42429837076263,West,Basic,Type_D,Mobile,1
23,88054,674,1100.734152389029,129.21637312123363,South,Premium,Type_A,Mobile,0
31,90822,650,2518.5655197354413,65.4022852055064,North,Premium,Type_A,Tablet,0
63,41803,739,27429.101967709546,90.43565411454189,North,Premium,Type_B,Mobile,0
66,109711,748,24726.52092676881,173.91527118268743,East,Premium,Type_C,Desktop,0
62,65537,584,12894.239629845297,173.26022098809972,South,Standard,Type_D,Mobile,1
73,56120,615,1940.581013918416,23.06600278214749,West,Basic,Type_D,Desktop,1
50,6001,702,4273.012779858957,90.76951150887112,North,Premium,Type_C,Mobile,0
49,31351,722,4249.159068102505,398.94932344625664,North,Standard,Type_C,Mobile,1
30,19766,641,3588.5424497892527,54.97987573687508,North,Standard,Type_A,Mobile,0
34,80819,612,336.7364833845481,306.06409539034803,South,Premium,Type_A,Tablet,1
18,57021,666,5607.814593783875,110.53698534681995,South,Standard,Type_C,Mobile,0
38,26532,757,554.3920854143269,154.72941645563444,South,Standard,Type_B,Mobile,0
18,65409,663,11873.235947161955,329.52257736721987,North,Premium,Type_D,Tablet,1
57,21072,578,8619.662232197737,133.62940269657318,North,Standard,Type_B,Mobile,1
48,27028,668,3190.018962836485,413.5895686617904,North,Premium,Type_A,Mobile,0
18,33634,712,7638.940089576558,53.4759823727116,East,Premium,Type_B,Mobile,1
40,76341,654,1945.655999658796,269.89152506019605,North,Standard,Type_D,Mobile,1
70,134094,743,2260.3171219900705,249.73779245753883,North,Standard,Type_D,Mobile,0
41,36487,717,2765.196876096863,386.4272965217442,North,Standard,Type_A,Tablet,0
28,127495,657,11693.780590151859,224.1902913769845,East,Standard,Type_D,Mobile,0
18,55268,663,1735.0508211987271,142.7188022054369,North,Standard,Type_B,Mobile,1
18,62548,540,6067.024960736613,86.1850179677558,North,Standard,Type_B,Desktop,1
50,51382,740,1640.669175735218,126.16979879739453,East,Standard,Type_B,Mobile,0
36,47076,639,2460.5172562864295,48.526868394024895,West,Basic,Type_C,Desktop,1
37,71458,634,1969.064418249574,261.33419287086946,South,Basic,Type_B,Mobile,1
36,87047,625,7594.771415338842,154.0423596847756,North,Standard,Type_C,Desktop,0
40,30000,691,5485.971322372214,140.2228841210937,South,Premium,Type_B,Mobile,0
25,47324,587,9369.186052844056,119.9996315301373,West,Standard,Type_A,Mobile,0
47,160041,596,1821.518201711364,241.303125559261,South,Premium,Type_A,Desktop,0
23,60177,657,67.39803087756057,139.58147182277128,North,Standard,Type_D,Mobile,1
32,64655,620,8367.538297673764,164.15513124744152,North,Premium,Type_C,Mobile,0
56,115162,683,894.6859455501406,162.2816945492641,West,Standard,Type_B,Desktop,0
48,38572,622,2073.63053229895,222.3581838867975,East,Premium,Type_A,Mobile,1
52,52398,765,2675.428732661544,212.3120831681279,East,Basic,Type_A,Mobile,0
72,91525,706,10072.948249014287,329.0846682854609,North,Premium,Type_B,Mobile,0
41,120699,705,7210.208478607876,304.51886711950726,South,Standard,Type_A,Desktop,0
43,11366,621,1493.5526231731387,118.75363744010379,North,Basic,Type_B,Mobile,0
39,33056,818,6680.8437757439415,449.3878146549123,North,Premium,Type_D,Tablet,1
36,27844,632,9031.061876961565,210.5587960122142,West,Basic,Type_B,Mobile,0
28,49400,614,3611.59399154453,506.4793995656165,North,Standard,Type_D,Desktop,1
43,29261,707,2070.2034076904993,193.37324632773766,North,Basic,Type_C,Mobile,0
47,82805,673,8332.576929306806,126.48075967765497,West,Basic,Type_A,Mobile,0
48,59988,607,6921.906077658046,108.53485830673432,North,Premium,Type_C,Mobile,0
43,95971,805,594.8417724735775,45.2148539957535,East,Basic,Type_A,Mobile,1
55,100071,725,8056.775540929887,183.0850802831503,South,Premium,Type_C,Mobile,0
43,83622,661,4916.58019241836,189.26803121798636,West,Premium,Type_A,Mobile,0
37,42991,818,10265.653288451776,155.7683320253355,East,Premium,Type_B,Desktop,1
29,57368,714,1551.7867059857138,200.6324840275956,East,Premium,Type_B,Mobile,0
21,39606,660,2190.4501423855068,60.58346528873192,North,Standard,Type_A,Tablet,0
63,21899,810,5747.547321839895,147.4136481484273,South,Standard,Type_A,Mobile,0
33,100122,704,4819.948789885222,72.21182613934388,West,Basic,Type_B,Desktop,1
30,32469,643,6181.531017735838,267.00706688588497,North,Premium,Type_D,Desktop,0
46,46173,725,26.94583329503942,217.29322832869923,North,Standard,Type_A,Mobile,0
40,90159,733,5337.886960019402,136.05620941423845,South,Standard,Type_D,Mobile,0
37,26599,562,7004.289376813103,211.01554009242975,North,Standard,Type_B,Mobile,1
47,79636,697,2368.2599514901244,528.1377155146815,North,Premium,Type_A,Mobile,0
26,38045,710,1742.3957019999502,187.3929587737734,South,Basic,Type_C,Tablet,0
19,44766,564,2452.8913033157182,240.29929658038475,East,Standard,Type_B,Desktop,0
74,64879,694,7491.687247259305,169.75952272399158,South,Standard,Type_A,Mobile,0
45,177009,716,1210.5602577079312,159.03053773092387,West,Standard,Type_B,Tablet,0
46,34948,591,9768.397991699718,115.27607202261606,North,Premium,Type_D,Mobile,1
32,53645,639,4211.680287328829,222.5760860788032,East,Premium,Type_B,Mobile,0
56,27272,668,3342.258635425881,144.12422333929553,South,Standard,Type_B,Mobile,1
36,34721,694,12621.358952721996,248.5735582608134,South,Standard,Type_D,Tablet,0
18,27104,588,5407.666507208347,185.49091200184705,South,Premium,Type_A,Mobile,1
35,66859,733,3645.1886010520175,134.6099097174642,North,Premium,Type_A,Desktop,1
39,75562,518,16138.35786189415,404.09905788554966,North,Premium,Type_B,Mobile,0
41,90229,745,3521.0248918884663,107.89779966553873,South,Basic,Type_D,Mobile,0
41,33983,692,15018.980030606906,118.75237501217107,North,Premium,Type_B,Tablet,0
34,79914,613,5378.780262648892,29.500777459478538,South,Premium,Type_C,Mobile,1
33,61150,714,1787.8885062473216,148.7923891495388,East,Basic,Type_D,Desktop,0
39,54464,584,7274.600218846299,386.0429939826588,North,Standard,Type_D,Mobile,1
20,24417,663,2575.4274762082964,391.91634211258327,North,Standard,Type_A,Desktop,1
18,62838,671,1220.3617118627244,126.6414627996011,North,Standard,Type_D,Desktop,0
45,64202,671,693.8644314680496,236.30446050872268,North,Standard,Type_C,Mobile,0
45,60681,598,2121.157212511789,267.9176291971842,North,Standard,Type_A,Mobile,0
56,74279,621,10226.637986079802,60.71595425542802,North,Premium,Type_B,Tablet,1
40,90692,664,13954.515101021781,333.61784337865237,North,Basic,Type_C,Desktop,0
26,26909,606,15168.352660758732,69.24808284380002,North,Premium,Type_A,Mobile,0
18,48901,673,2414.339747750997,132.93418619616529,North,Premium,Type_A,Mobile,0
31,80339,613,8292.844204103212,82.32901699553531,West,Premium,Type_C,Desktop,0
49,47218,723,2007.3226076511046,210.08211222614048,West,Standard,Type_D,Mobile,0
64,108523,761,7474.074580414754,99.6091777908536,North,Standard,Type_A,Mobile,1
44,60208,635,16730.479072115664,115.47114545726573,North,Standard,Type_B,Tablet,0
26,15054,717,320.10899728509924,296.6089944349132,South,Standard,Type_C,Tablet,1
31,100046,641,32313.956640512708,124.93868806730802,North,Premium,Type_C,Desktop,0
31,52316,592,13454.783613917727,171.4246264880647,South,Premium,Type_D,Mobile,1
38,17068,626,10994.505483761206,68.4792352966106,North,Standard,Type_C,Tablet,0
60,47736,661,9012.84980925406,53.03702608523464,North,Premium,Type_C,Mobile,1
61,23975,534,11276.6508411133,192.45041289502072,East,Premium,Type_D,Mobile,0
41,94362,697,40023.80805251596,121.50414724124275,East,Basic,Type_A,Mobile,0
46,55279,661,11273.894994122737,443.0661852485511,West,Standard,Type_A,Desktop,0
32,30283,723,3321.5733611638966,559.1310098596729,North,Premium,Type_B,Mobile,0
19,98127,696,7296.485319588854,73.1961274189703,East,Standard,Type_B,Tablet,0
69,77282,663,3149.9587221319102,54.64625492910098,South,Standard,Type_A,Tablet,0
18,48273,631,26900.35320214799,448.6151219436208,South,Premium,Type_B,Mobile,1
18,24348,758,17663.872721255055,226.39881685340765,West,Standard,Type_C,Tablet,0
69,31998,802,6428.124132677761,189.52191159797886,West,Premium,Type_D,Tablet,0
44,31674,632,11652.830029017672,59.54581119728888,East,Premium,Type_A,Mobile,1
27,93939,726,18434.294785625767,534.6116991801641,North,Premium,Type_B,Mobile,0
53,18127,607,2140.4205625357345,96.85584928058732,South,Basic,Type_B,Mobile,0
55,54853,615,6641.385347917106,273.68562817569114,South,Standard,Type_C,Mobile,1
24,47801,629,5038.782809699004,265.2458859470337,East,Basic,Type_B,Desktop,0
36,114268,701,11320.745290741379,50.70010709156146,South,Premium,Type_D,Mobile,0
56,66316,582,3653.604360301707,109.7766171413162,North,Premium,Type_A,Tablet,0
32,81405,760,9463.442365084205,63.24425400887638,North,Basic,Type_B,Tablet,0
47,39670,719,3954.670519207091,35.020011110308324,North,Standard,Type_A,Mobile,0
64,24590,700,902.6906539649623,148.73223337561967,West,Basic,Type_B,Mobile,0
18,45426,635,868.6692823044469,69.555066320574,North,Premium,Type_D,Mobile,0
38,95912,711,971.8388383679443,97.1635335718842,South,Basic,Type_D,Mobile,0
47,95764,457,253.46305047739915,58.13721874402734,East,Standard,Type_B,Mobile,1
18,42302,685,5837.1590716452165,136.68796002121485,North,Premium,Type_D,Mobile,0
36,31604,666,8544.078435576072,440.7962843385526,East,Standard,Type_B,Mobile,1
58,27674,527,1038.899745887631,207.48217047196732,East,Basic,Type_A,Mobile,0
33,51629,683,7255.610877519125,119.29574752313732,North,Premium,Type_D,Tablet,1
22,62130,695,6981.7023464872,163.3878184239443,North,Basic,Type_A,Mobile,0
60,153728,529,1219.8126445891521,198.15612691686667,East,Standard,Type_A,Mobile,0
50,61576,575,3968.6746257962145,200.11860408215156,North,Premium,Type_B,Mobile,0
42,85857,795,10787.392068265162,140.2206273111236,South,Premium,Type_B,Mobile,1
42,33371,642,129.55130181065456,105.08208554500573,South,Standard,Type_A,Mobile,0
58,58262,721,1218.4988754945548,272.56771076137517,North,Premium,Type_D,Mobile,0
48,62279,731,42009.112595376166,76.86440121373197,North,Standard,Type_B,Mobile,0
53,51492,682,10139.546313646711,275.1463232004746,North,Standard,Type_B,Mobile,0
33,55807,724,4782.958910364042,127.00689868396678,North,Standard,Type_A,Mobile,1
18,61697,512,7618.4869815988795,335.4371334237869,South,Standard,Type_B,Mobile,1
52,78470,639,14353.829121016055,84.8939961236551,South,Premium,Type_D,Mobile,0
59,125097,446,14161.022284058825,83.64139279690134,North,Basic,Type_D,Desktop,0
40,12196,537,3009.936155188429,175.42337743439472,East,Premium,Type_D,Mobile,0
56,120488,618,5181.746404286135,96.34245751829306,North,Premium,Type_B,Mobile,1
39,17763,610,7791.351805762493,451.20511483432597,West,Standard,Type_D,Desktop,0
42,69822,658,572.0289445095931,107.24369901739189,North,Standard,Type_B,Tablet,0
69,279578,654,22348.422501547917,90.241086800462,North,Basic,Type_A,Desktop,0
39,55028,664,4346.545711349462,221.0147751013707,East,Basic,Type_D,Mobile,0
38,63988,667,3552.7729749670825,25.753352965218227,South,Basic,Type_A,Mobile,1
18,45897,678,18217.805683315924,468.18949528176836,North,Standard,Type_A,Mobile,0
53,89027,590,965.1434369525722,246.83159263935275,North,Premium,Type_D,Desktop,1
33,72398,606,307.0675420884807,199.02090121441776,North,Standard,Type_D,Desktop,0
46,35819,653,8856.458953494835,100.28921748988782,North,Premium,Type_A,Mobile,0
39,52414,654,3727.056753203936,154.93532003380022,North,Premium,Type_D,Mobile,0
37,26539,582,11085.552636288045,109.61519097274558,South,Premium,Type_D,Mobile,1
42,52251,728,544.3868637294681,124.45592774282392,West,Premium,Type_D,Mobile,0
43,42625,704,3711.5417832112967,289.34314010937135,East,Standard,Type_B,Tablet,1
60,62130,597,2057.002311513528,211.73922008617993,North,Standard,Type_C,Mobile,1
65,35006,641,10315.97117096973,132.89340176103042,East,Premium,Type_C,Mobile,0
53,48977,791,1975.6717855055426,47.32515118264579,North,Basic,Type_C,Tablet,0
62,56976,666,4694.977919468142,577.0721745700271,North,Standard,Type_C,Mobile,1
56,59730,682,13099.128385999773,79.06205478634342,East,Basic,Type_B,Mobile,0
51,68210,614,18934.43677591789,290.75138795982946,North,Standard,Type_B,Mobile,1
64,50332,634,9831.086703058932,107.32753845831854,North,Premium,Type_D,Mobile,0
24,33231,757,4299.207299909142,188.9104885539835,North,Premium,Type_B,Mobile,0
34,59878,663,6505.92628772329,90.6655224998587,South,Standard,Type_A,Mobile,0
55,28899,599,3398.2688009743997,165.16371137279592,North,Standard,Type_A,Mobile,0
28,28787,569,1647.1783299467065,80.7660277754432,South,Standard,Type_D,Mobile,0
62,16445,640,9818.371128742216,133.3543435614361,East,Premium,Type_C,Mobile,0
39,26825,658,16446.3534833871,60.32187474597045,East,Premium,Type_C,Desktop,0
77,120605,687,6900.381112748263,196.78697359258987,East,Premium,Type_B,Mobile,0
46,36252,546,4223.174855275861,114.58355651891839,South,Premium,Type_A,Desktop,1
70,17601,618,45572.80458206405,147.3355291808799,North,Premium,Type_C,Desktop,1
62,41850,434,171.49824452489835,222.17162475594836,North,Standard,Type_C,Mobile,1
35,85595,567,2903.1664182357536,148.95315368299475,North,Basic,Type_C,Mobile,1
25,16621,700,2613.3033550328505,116.00462457174541,East,Standard,Type_B,Tablet,0
46,116694,717,3522.9819913212186,109.61501486873904,North,Standard,Type_D,Mobile,1
36,21835,570,2097.110027224609,382.0113277287896,East,Premium,Type_A,Tablet,1
68,45395,627,2455.0586991310192,204.36126077593383,East,Premium,Type_A,Mobile,0
41,44990,651,2383.767749069785,258.5747303082736,East,Standard,Type_D,Mobile,0
40,40416,725,5637.614240673107,102.23954765289182,East,Basic,Type_C,Desktop,1
24,57218,757,3968.222258233685,81.7796248064733,South,Premium,Type_B,Desktop,0
51,103258,660,8157.228220762468,40.889730269078946,South,Standard,Type_D,Desktop,1
27,58188,631,5778.979422116709,135.2294306300785,North,Standard,Type_B,Mobile,1
51,39184,548,1621.0612851438298,486.3428402158613,North,Premium,Type_A,Desktop,0
53,82466,657,13287.743728649313,246.98038291144505,North,Premium,Type_C,Mobile,0
33,69222,795,5112.230059650386,139.06372454473754,North,Standard,Type_A,Mobile,1
59,37471,740,1330.623683407181,320.4145993940987,West,Standard,Type_A,Tablet,0
40,61673,662,1460.6192082695668,76.34624318620983,North,Premium,Type_A,Mobile,1
22,35360,671,12755.149589141609,352.5910193990553,East,Premium,Type_B,Mobile,0
68,32662,601,9712.001533591889,397.47412593103405,North,Standard,Type_A,Mobile,1
31,105246,625,5650.312505045936,138.0894744962297,West,Premium,Type_D,Mobile,0
52,81868,660,2923.2061966710785,151.0838499151376,North,Basic,Type_C,Desktop,1
51,102669,660,4937.226734581551,219.21661235146797,North,Premium,Type_B,Mobile,0
50,93394,720,8095.445545440332,79.99240818602054,North,Premium,Type_C,Desktop,0
50,32175,717,16914.40529151224,182.45349030653682,East,Premium,Type_D,Desktop,1
30,120679,686,6493.065324035495,576.1188195980915,North,Basic,Type_C,Mobile,0
70,48614,580,2591.8400254743933,122.69019893760998,East,Standard,Type_A,Mobile,0
59,114743,582,349.4412237775458,168.0344687679175,South,Basic,Type_A,Mobile,0
52,54853,587,1543.3890220373146,173.33954989584956,North,Standard,Type_D,Desktop,0
25,74549,666,8402.637927369065,323.6596111803736,North,Basic,Type_A,Mobile,0
30,76134,508,1398.989768761589,236.97143985151664,East,Basic,Type_A,Desktop,1
54,105793,649,5255.132304072813,312.8728356484227,North,Premium,Type_C,Mobile,0
18,19068,748,9603.964601242158,134.57290792492054,East,Basic,Type_A,Mobile,0
50,19861,696,2947.9550257335113,273.83123679810785,North,Basic,Type_D,Mobile,0
25,95817,625,8847.654908561173,79.19786419131187,South,Basic,Type_D,Mobile,1
31,76837,601,6960.450869526004,60.37925646439392,South,Basic,Type_C,Desktop,1
23,34788,706,4623.406684401929,340.94551931171213,South,Standard,Type_D,Desktop,0
48,77266,671,18203.299403579203,101.31423521191311,North,Basic,Type_B,Mobile,1
61,22346,632,9422.773735813058,46.66794016544691,East,Standard,Type_D,Mobile,1
50,588306,608,3577.763218544109,183.37729427225878,East,Standard,Type_C,Mobile,0
51,149956,655,13047.92953767004,262.13832071845087,South,Premium,Type_A,Mobile,0
47,92559,628,10718.40785408244,55.73445813595514,South,Standard,Type_D,Mobile,0
55,63129,704,12549.591646404671,153.19277335656204,South,Standard,Type_D,Mobile,0
52,38827,736,8194.482304769397,252.14315320367368,West,Standard,Type_D,Mobile,1
18,23929,554,3816.1694408168773,245.13330792004294,East,Basic,Type_C,Mobile,0
58,55288,564,3428.78723844222,45.22644344489529,North,Standard,Type_B,Desktop,0
57,32799,744,8494.032467834011,209.88018534024627,North,Standard,Type_A,Mobile,0
39,34166,661,1122.3767576445064,220.81714046078736,West,Premium,Type_A,Mobile,1
18,22209,570,13714.58168559938,184.04760872262523,North,Premium,Type_A,Mobile,0
48,71308,718,3700.5436552046654,356.0431696955443,West,Standard,Type_A,Desktop,0
49,45986,673,7962.065245901002,161.25448198420926,South,Standard,Type_C,Mobile,1
38,87077,804,5530.21408602416,266.41420244555064,North,Premium,Type_C,Mobile,0
47,82451,633,5860.536135585778,205.33867802340967,North,Premium,Type_B,Tablet,0
61,70306,727,10715.473874239753,233.77559038501684,North,Premium,Type_B,Mobile,1
80,385234,548,7882.341405891334,194.94929158255945,East,Standard,Type_B,Mobile,1
47,106573,747,2304.7531344131708,177.38427789583722,North,Standard,Type_C,Mobile,0
50,24775,716,617.0004841936767,389.8989184148228,North,Premium,Type_D,Desktop,1
32,82546,762,14672.36364716094,125.1042668010552,West,Standard,Type_C,Mobile,1
37,57652,727,17295.219883575024,118.59523447911292,North,Premium,Type_A,Mobile,0
42,23410,643,1437.7662499626163,375.4589278890775,South,Standard,Type_B,Mobile,0
62,22133,568,2962.448755221383,126.86142511489656,South,Premium,Type_D,Mobile,1
57,82227,607,2654.1014297885295,52.98015024758223,North,Basic,Type_B,Mobile,0
73,97565,526,22174.12826067371,179.66267898773708,North,Premium,Type_D,Mobile,0
22,28785,585,1833.0654463852643,63.35883837832373,North,Standard,Type_A,Mobile,1
25,118079,679,1457.3491760404056,18.804165657524685,North,Standard,Type_B,Mobile,0
61,73089,646,1605.564719269624,177.57269783220892,North,Premium,Type_A,Mobile,0
66,138289,634,10470.791234767334,252.31642520372182,South,Premium,Type_D,Mobile,0
45,128377,594,17515.468833260078,356.2460638522036,South,Premium,Type_B,Mobile,1
18,53588,525,3998.6556842447617,315.01020799410173,South,Basic,Type_A,Mobile,0
33,188135,662,1170.1999708824162,74.96587420241005,North,Premium,Type_B,Mobile,1
50,27258,676,7049.744213360478,147.76804068457113,North,Standard,Type_B,Mobile,1
31,319082,580,1885.120045447643,275.9318557608116,North,Standard,Type_D,Desktop,0
47,32365,612,530.412946693249,169.92091474838412,North,Premium,Type_B,Desktop,1
73,57895,757,17388.70822417477,113.69890482493878,West,Premium,Type_A,Desktop,1
66,40254,731,16373.705719551137,41.97678020137941,North,Basic,Type_B,Mobile,0
57,45993,546,29807.720919202093,188.78516600598732,North,Premium,Type_B,Mobile,0
44,463465,644,5139.704848246287,73.66793792262446,East,Premium,Type_C,Desktop,0
37,43308,751,2785.13390937789,231.13952889823065,East,Standard,Type_B,Mobile,0
56,108637,634,11749.889401232971,127.39602586336707,West,Premium,Type_C,Mobile,0
45,50777,631,1592.4375732886017,133.37163901507338,North,Standard,Type_D,Tablet,0
45,115333,726,2230.223477038657,279.1394455939407,North,Premium,Type_A,Mobile,0
21,40908,719,2362.3020594334794,122.34858432313771,North,Basic,Type_D,Mobile,0
34,71631,715,24229.2526154998,107.0398619378169,North,Standard,Type_D,Mobile,0
56,92975,631,10469.421430257824,213.85441925044594,South,Basic,Type_B,Desktop,0
28,36124,696,1148.1439920151736,124.71883296809061,East,Premium,Type_A,Tablet,0
48,412671,754,779.5433472931816,164.56854628874643,South,Premium,Type_D,Tablet,0
51,96438,646,14802.647135219504,434.98089084222244,North,Basic,Type_C,Mobile,1
52,51114,621,12966.997430891985,198.29919664949387,North,Premium,Type_A,Mobile,0
53,36751,736,8893.448385078376,166.82428870895606,West,Standard,Type_B,Mobile,1
54,63844,793,1746.2496575045298,318.2310306152532,North,Premium,Type_C,Mobile,0
35,25560,798,5235.775065708638,36.049380440412705,West,Basic,Type_A,Desktop,1
22,208481,623,7385.031381937778,340.6962200873336,East,Premium,Type_C,Mobile,0
31,80973,630,21522.176602091557,34.7284032842742,West,Standard,Type_C,Mobile,1
55,56297,577,1485.084241438102,424.3821549477294,East,Standard,Type_D,Mobile,0
26,124515,658,5796.2245160447865,67.53960107598806,North,Premium,Type_C,Mobile,1
